{
  "version": 1,
  "author": "PROTORP",
  "editor": "Wokwi",
  "parts": [
    { "type": "board-esp32-devkit-c-v4", "id": "esp", "top": 50, "left": 100, "attrs": {} },
    {
      "type": "wokwi-led",
      "id": "ledRojo",
      "top": 188.4,
      "left": 224.6,
      "attrs": { "color": "red" }
    },
    {
      "type": "wokwi-button",
      "id": "boton",
      "top": 150,
      "left": 300,
      "attrs": { "label": "Sensor virtual" }
    },
    {
      "type": "wokwi-pushbutton",
      "id": "btn1",
      "top": 140.6,
      "left": 240,
      "attrs": { "color": "green", "xray": "1" }
    }
  ],
  "connections": [
    [ "esp:15", "ledRojo:A", "green", [ "v0" ] ],
    [ "ledRojo:C", "esp:GND", "black", [ "v0" ] ],
    [ "boton:1", "esp:4", "blue", [ "v0" ] ],
    [ "boton:2", "esp:GND", "black", [ "v0" ] ],
    [ "ledRojo:C", "esp:GND.1", "green", [ "v0" ] ],
    [ "btn1:1.l", "esp:4", "green", [ "h0" ] ],
    [ "btn1:2.r", "esp:GND.1", "green", [ "h0" ] ]
  ],
  "dependencies": {}
}