{
  "version": 1,
  "author": "PROTORP",
  "editor": "wokwi",
  "parts": [
    { "type": "board-esp32-devkit-c-v4", "id": "esp1", "top": 48, "left": 100.84, "attrs": {} },
    { "type": "board-esp32-devkit-c-v4", "id": "esp2", "top": 48, "left": 398.44, "attrs": {} },
    {
      "type": "wokwi-led",
      "id": "led_rojo",
      "top": 198,
      "left": 224.6,
      "attrs": { "color": "red" }
    },
    {
      "type": "wokwi-led",
      "id": "led_verde",
      "top": 198,
      "left": 291.8,
      "attrs": { "color": "green" }
    },
    { "type": "wokwi-pullup-switch", "id": "pinDetect", "top": 260, "left": 100, "attrs": {} },
    {
      "type": "wokwi-led",
      "id": "led1",
      "top": 198,
      "left": 253.4,
      "attrs": { "color": "yellow" }
    }
  ],
  "connections": [
    [ "esp1:2", "led_rojo:1", "red", [ "v0" ] ],
    [ "esp1:4", "led_verde:1", "green", [ "v0" ] ],
    [ "esp1:GND", "led_rojo:2", "black", [ "v0" ] ],
    [ "esp1:GND", "led_verde:2", "black", [ "v0" ] ],
    [ "esp1:22", "pinDetect:1", "blue", [ "v0" ] ],
    [ "esp1:17", "esp2:16", "gray", [ "h20" ] ],
    [ "esp2:17", "esp1:16", "gray", [ "h20" ] ],
    [ "esp1:GND", "esp2:GND", "black", [ "h-20" ] ],
    [ "led_rojo:C", "esp1:GND.1", "green", [ "v0" ] ],
    [ "led_verde:C", "esp1:GND.1", "green", [ "v0" ] ],
    [ "led_rojo:A", "esp1:2", "green", [ "v0" ] ],
    [ "led_verde:A", "esp1:4", "green", [ "v0" ] ],
    [ "led1:C", "esp1:GND.1", "green", [ "v0" ] ],
    [ "led1:A", "esp1:16", "green", [ "v0" ] ]
  ],
  "dependencies": {}
}